,COUNTY,ROUTE_TYPE,ROUTE_NUMBER,ROUTE_SUFFIX,FINAL_ROUTE_TYPE
0,11,RP,68,(no suffix),IS
1,1,IS,68,(no suffix),IS
2,21,IS,70,(no suffix),IS
5,11,US,40,AL,US
6,11,US,219,(no suffix),US
8,21,RP,70,(no suffix),IS
9,1,US,40,AL,US
10,21,MD,66,(no suffix),MD
11,21,MD,65,(no suffix),MD
12,21,MD,63,(no suffix),MD
13,21,MD,68,(no suffix),MD
15,21,MD,64,(no suffix),MD
16,2,MD,713,(no suffix),MD
17,2,MD,3,(no suffix),MD
19,3,RP,695,(no suffix),IS
22,3,RP,95,(no suffix),IS
23,3,RP,70,(no suffix),IS
25,3,MD,26,(no suffix),MD
26,3,MD,45,(no suffix),MD
27,3,MD,140,(no suffix),MD
28,3,MD,146,(no suffix),MD
42,17,US,301,(no suffix),US
44,12,MD,924,(no suffix),MD
45,17,MD,300,(no suffix),MD
48,17,MD,300,A,MD
51,20,MD,662,B,MD
53,8,MD,6,(no suffix),MD
54,8,US,301,(no suffix),US
55,21,US,11,(no suffix),US
56,11,MD,828,(no suffix),MD
60,11,MD,669,(no suffix),MD
61,2,MD,214,(no suffix),MD
66,7,MD,222,A,MD
67,16,RP,95,(no suffix),IS
68,16,MD,223,(no suffix),MD
69,16,MD,193,(no suffix),MD
74,18,MD,237,(no suffix),MD
75,18,MD,246,(no suffix),MD
76,18,MD,584,(no suffix),MD
78,16,MD,198,(no suffix),MD
79,23,RP,90,(no suffix),MD
81,2,RP,50,(no suffix),US
82,2,MD,908,E,MD
87,22,MD,54,(no suffix),MD
90,22,MD,347,(no suffix),MD
91,22,MD,349,(no suffix),MD
94,23,US,50,(no suffix),US
96,22,MD,731,A,MD
97,22,MD,346,(no suffix),MD
98,22,MD,12,(no suffix),MD
99,23,MD,12,(no suffix),MD
100,23,US,13,(no suffix),US
104,23,US,13,BU,US
106,23,MD,346,(no suffix),MD
110,24,IS,70,(no suffix),IS
111,23,MD,575,C,MD
112,23,US,113,(no suffix),US
113,24,IS,83,(no suffix),IS
116,22,MD,354,(no suffix),MD
117,10,MD,180,(no suffix),MD
119,10,MD,464,(no suffix),MD
121,23,MD,377,(no suffix),MD
123,22,US,50,(no suffix),US
124,22,MD,353,(no suffix),MD
126,24,RP,83,(no suffix),IS
129,12,MD,7,(no suffix),MD
131,13,RP,70,(no suffix),IS
153,16,MD,410,(no suffix),MD
154,24,RP,95,(no suffix),IS
156,6,MD,84,(no suffix),MD
157,6,MD,140,(no suffix),MD
162,10,MD,478,(no suffix),MD
163,13,MD,216,(no suffix),MD
164,18,MD,236,(no suffix),MD
165,4,MD,778,(no suffix),MD
166,4,MD,521,(no suffix),MD
168,6,MD,482,(no suffix),MD
169,19,MD,413,(no suffix),MD
174,24,MD,2,(no suffix),MD
177,1,MD,639,(no suffix),MD
183,10,US,15,(no suffix),US
184,10,US,15,B,US
196,4,MD,4,(no suffix),MD
199,3,MD,25,(no suffix),MD
200,3,US,1,(no suffix),US
202,13,MD,144,A,MD
209,2,RP,100,(no suffix),MD
228,22,RP,13,(no suffix),US
232,22,US,13,(no suffix),US
236,22,US,13,BU,US
240,22,US,50,BU,US
248,18,MD,249,(no suffix),MD
252,18,MD,472,(no suffix),MD
253,18,MD,712,(no suffix),MD
254,18,MD,944,(no suffix),MD
255,18,MD,944,F,MD
257,6,MD,30,BC,MD
258,23,MD,921,L,MD
259,9,MD,16,(no suffix),MD
260,10,MD,85,(no suffix),MD
262,24,US,1,(no suffix),US
263,24,RP,895,(no suffix),IS
279,10,MD,26,(no suffix),MD
280,1,MD,55,(no suffix),MD
281,10,US,340,(no suffix),US
285,24,MD,129,(no suffix),MD
291,16,IS,95,(no suffix),IS
292,15,MD,320,(no suffix),MD
352,24,MD,139,(no suffix),MD
359,16,IS,295,(no suffix),IS
362,6,MD,30,(no suffix),MD
372,10,IS,70,(no suffix),IS
375,10,RP,70,(no suffix),IS
380,24,RP,295,(no suffix),MD
386,10,US,40,(no suffix),US
394,10,MD,194,(no suffix),MD
397,24,IS,95,(no suffix),IS
407,24,US,40,(no suffix),US
409,24,US,1,AL,US
414,20,MD,662,D,MD
420,20,MD,662,C,MD
421,10,MD,806,I,MD
422,24,MD,45,(no suffix),MD
424,10,MD,806,A,MD
439,10,IS,270,(no suffix),IS
440,23,MD,921,I,MD
441,10,MD,77,(no suffix),MD
443,14,MD,291,(no suffix),MD
444,14,MD,213,(no suffix),MD
459,21,US,40,(no suffix),US
468,23,MD,818,(no suffix),MD
472,15,US,29,(no suffix),US
473,10,MD,75,(no suffix),MD
495,8,MD,224,(no suffix),MD
496,12,MD,152,(no suffix),MD
500,13,RP,29,(no suffix),US
517,10,MD,355,(no suffix),MD
521,13,MD,103,(no suffix),MD
548,16,MD,414,(no suffix),MD
551,17,MD,304,(no suffix),MD
554,17,MD,304,A,MD
557,10,MD,76,(no suffix),MD
586,17,MD,213,(no suffix),MD
591,10,MD,144,FB,MD
592,10,MD,144,FA,MD
602,10,MD,28,(no suffix),MD
613,23,MD,921,G,MD
619,23,MD,921,K,MD
630,3,MD,128,(no suffix),MD
632,23,MD,921,H,MD
637,17,MD,18,B,MD
638,17,MD,18,T,MD
639,17,MD,18,C,MD
640,10,MD,80,(no suffix),MD
645,10,MD,355,C,MD
649,19,MD,822,(no suffix),MD
651,18,MD,5,(no suffix),MD
660,16,RP,50,(no suffix),US
661,1,RP,68,(no suffix),IS
665,24,MD,295,(no suffix),MD
680,18,MD,235,(no suffix),MD
681,13,MD,97,(no suffix),MD
688,23,MD,818,A,MD
689,23,MD,756,(no suffix),MD
690,23,MD,707,B,MD
691,23,MD,707,E,MD
692,23,MD,611,(no suffix),MD
693,23,MD,589,(no suffix),MD
708,23,US,113,BU,US
711,23,MD,528,(no suffix),MD
712,4,MD,2,(no suffix),MD
718,4,MD,262,(no suffix),MD
719,23,MD,921,J,MD
733,23,MD,921,N,MD
746,18,MD,245,(no suffix),MD
747,6,MD,800,G,MD
748,6,MD,808,A,MD
749,4,MD,765,Q,MD
751,6,MD,852,C,MD
760,18,MD,234,(no suffix),MD
763,19,MD,667,(no suffix),MD
765,19,US,13,(no suffix),US
777,13,US,1,(no suffix),US
779,4,MD,263,(no suffix),MD
781,6,MD,30,BZ,MD
782,4,MD,260,(no suffix),MD
790,4,RP,260,(no suffix),MD
795,24,IS,895,(no suffix),IS
796,24,IS,395,(no suffix),IS
802,24,IS,395,A,IS
805,19,MD,361,(no suffix),MD
811,9,MD,335,(no suffix),MD
814,9,US,50,(no suffix),US
815,4,MD,765,A,MD
816,23,MD,921,O,MD
821,23,MD,921,P,MD
829,2,MD,177,(no suffix),MD
847,19,MD,920,A,MD
849,19,MD,380,(no suffix),MD
852,8,MD,231,(no suffix),MD
855,8,MD,381,(no suffix),MD
856,7,MD,279,(no suffix),MD
857,7,MD,268,(no suffix),MD
868,16,MD,210,V,MD
877,8,MD,225,(no suffix),MD
878,9,MD,331,(no suffix),MD
884,6,MD,31,(no suffix),MD
885,6,MD,26,(no suffix),MD
891,2,MD,170,(no suffix),MD
892,3,US,40,(no suffix),US
894,8,MD,227,(no suffix),MD
899,3,MD,588,(no suffix),MD
900,2,MD,100,(no suffix),MD
904,22,MD,675,B,MD
908,7,IS,95,R,IS
916,2,MD,181,(no suffix),MD
920,2,MD,713,C,MD
922,2,MD,713,B,MD
925,2,MD,2,(no suffix),MD
928,24,MD,25,(no suffix),MD
929,24,MD,41,(no suffix),MD
944,16,MD,210,(no suffix),MD
947,24,RP,40,(no suffix),US
948,18,MD,4,A,MD
952,4,MD,2,N,MD
953,6,MD,32,(no suffix),MD
957,6,MD,88,(no suffix),MD
958,6,MD,30,BU,MD
959,3,MD,144,(no suffix),MD
960,3,MD,150,(no suffix),MD
965,2,MD,198,(no suffix),MD
966,2,MD,915,(no suffix),MD
968,7,US,40,(no suffix),US
970,3,MD,943,(no suffix),MD
973,9,MD,343,(no suffix),MD
978,12,MD,132,A,MD
979,3,IS,695,(no suffix),IS
998,4,MD,765,(no suffix),MD
1000,11,MD,42,(no suffix),MD
1017,2,MD,424,(no suffix),MD
1020,3,IS,95,(no suffix),IS
1036,3,MD,146,A,MD
1047,2,MD,175,(no suffix),MD
1059,13,MD,932,D,MD
1063,2,MD,408,(no suffix),MD
1065,13,MD,986,M,MD
1066,11,MD,495,(no suffix),MD
1067,11,MD,135,(no suffix),MD
1076,1,US,220,(no suffix),US
1078,1,MD,135,(no suffix),MD
1079,1,MD,135,B,MD
1081,4,MD,402,(no suffix),MD
1082,4,MD,760,(no suffix),MD
1084,4,MD,264,(no suffix),MD
1085,4,MD,261,(no suffix),MD
1093,2,MD,179,(no suffix),MD
1094,2,MD,931,U,MD
1095,2,MD,908,C,MD
1096,2,MD,908,B,MD
1101,24,MD,648,E,MD
1107,22,MD,992,B,MD
1111,13,MD,108,(no suffix),MD
1118,19,MD,363,(no suffix),MD
1122,6,MD,97,(no suffix),MD
1125,13,MD,175,(no suffix),MD
1126,7,MD,281,(no suffix),MD
1128,10,RP,15,(no suffix),US
1134,12,MD,24,(no suffix),MD
1147,7,IS,95,S,IS
1153,18,MD,244,(no suffix),MD
1156,18,MD,243,(no suffix),MD
1160,7,MD,282,(no suffix),MD
1164,2,MD,732,R,MD
1172,17,MD,19,(no suffix),MD
1173,10,US,15,BU,US
1238,24,MD,173,(no suffix),MD
1241,24,MD,147,(no suffix),MD
1251,10,MD,85,A,MD
1252,15,MD,108,(no suffix),MD
1253,24,MD,140,(no suffix),MD
1270,24,MD,695,(no suffix),MD
1275,24,RP,695,(no suffix),IS
1281,16,MD,202,E,MD
1332,16,MD,214,(no suffix),MD
1335,15,MD,650,(no suffix),MD
1338,15,MD,118,(no suffix),MD
1341,15,MD,586,(no suffix),MD
1349,16,MD,458,(no suffix),MD
1352,15,MD,124,(no suffix),MD
1353,15,MD,355,(no suffix),MD
1355,15,MD,28,(no suffix),MD
1360,15,MD,115,(no suffix),MD
1362,15,MD,97,(no suffix),MD
1377,3,IS,895,(no suffix),IS
1378,2,IS,895,(no suffix),IS
1420,21,US,40,AL,US
1421,21,MD,34,(no suffix),MD
1425,21,MD,67,(no suffix),MD
1426,21,MD,67,D,MD
1441,15,MD,193,(no suffix),MD
1517,3,MD,695,(no suffix),MD
1536,2,IS,695,(no suffix),IS
1553,3,RP,83,(no suffix),IS
1601,3,IS,83,(no suffix),IS
1686,3,RP,895,(no suffix),IS
1692,3,RP,40,(no suffix),US
1699,3,RP,702,(no suffix),MD
1711,3,RP,151,(no suffix),MD
1728,3,RP,150,(no suffix),MD
1748,3,MD,702,(no suffix),MD
1768,3,IS,795,(no suffix),IS
1769,3,RP,795,(no suffix),IS
1770,3,RP,43,(no suffix),MD
1804,3,RP,140,(no suffix),MD
1810,3,MD,138,(no suffix),MD
1819,3,RP,166,(no suffix),MD
1896,3,RP,195,(no suffix),IS
1914,3,IS,195,(no suffix),IS
2066,3,MD,145,(no suffix),MD
2068,3,MD,166,(no suffix),MD
2120,5,MD,331,D,MD
2122,5,MD,313,(no suffix),MD
2124,5,MD,480,(no suffix),MD
2168,1,MD,51,(no suffix),MD
2169,4,MD,260,D,MD
2173,4,RP,4,(no suffix),MD
2176,1,MD,144,(no suffix),MD
2183,1,US,40,SC,US
2185,7,MD,299,(no suffix),MD
2189,20,MD,333,(no suffix),MD
2192,12,MD,136,(no suffix),MD
2194,21,IS,68,(no suffix),IS
2196,7,MD,7,C,MD
2198,7,US,1,(no suffix),US
2200,15,IS,270,(no suffix),IS
2213,13,MD,32,(no suffix),MD
2215,15,RP,270,(no suffix),IS
2227,15,IS,270,Y,IS
2229,13,RP,216,(no suffix),MD
2249,13,US,29,(no suffix),US
2320,7,MD,272,(no suffix),MD
2325,15,RP,495,(no suffix),IS
2354,15,RP,29,(no suffix),US
2387,15,IS,370,(no suffix),IS
2388,15,MD,121,(no suffix),MD
2390,15,MD,121,A,MD
2391,15,RP,370,(no suffix),IS
2436,15,MD,117,(no suffix),MD
2438,15,RP,270,Y,IS
2452,15,MD,119,(no suffix),MD
2492,15,IS,495,(no suffix),IS
2600,15,MD,929,D,MD
2601,15,MD,929,C,MD
2607,15,MD,655,(no suffix),MD
2608,3,MD,7,(no suffix),MD
2610,15,MD,190,(no suffix),MD
2615,24,MD,26,(no suffix),MD
2626,24,MD,150,(no suffix),MD
2633,15,MD,185,(no suffix),MD
2638,3,MD,940,(no suffix),MD
2656,15,MD,614,(no suffix),MD
2663,15,MD,410,(no suffix),MD
2667,15,MD,384,(no suffix),MD
2676,15,MD,195,(no suffix),MD
2689,24,MD,151,(no suffix),MD
2747,21,MD,56,(no suffix),MD
2761,15,RP,355,(no suffix),MD
2766,15,MD,927,A,MD
2799,16,MD,202,(no suffix),MD
2807,10,US,40,AL,US
2815,16,US,50,(no suffix),US
2835,10,MD,140,(no suffix),MD
2843,16,IS,595,(no suffix),IS
2845,16,MD,208,(no suffix),MD
2847,16,RP,595,(no suffix),IS
2862,16,MD,228,(no suffix),MD
2865,16,MD,5,(no suffix),MD
2874,10,MD,17,(no suffix),MD
2880,15,IS,495,X,IS
2881,13,MD,100,X,MD
2888,10,MD,550,(no suffix),MD
2912,19,MD,675,(no suffix),MD
2913,7,MD,537,C,MD
2915,16,MD,3,(no suffix),MD
2917,16,MD,976,(no suffix),MD
2926,21,MD,632,(no suffix),MD
2928,16,RP,295,(no suffix),MD
2942,6,MD,850,H,MD
2943,6,MD,850,K,MD
2949,10,MD,85,B,MD
2959,16,MD,200,(no suffix),MD
2960,16,MD,206,(no suffix),MD
2968,3,MD,129,(no suffix),MD
2972,9,MD,318,(no suffix),MD
2973,9,MD,392,(no suffix),MD
2978,17,MD,552,(no suffix),MD
2980,17,MD,835,K,MD
2985,2,IS,595,(no suffix),IS
3001,8,MD,382,G,MD
3012,15,RP,200,(no suffix),MD
3013,15,RP,200,A,MD
3014,2,US,50,(no suffix),US
3017,6,MD,800,D,MD
3018,6,MD,27,(no suffix),MD
3032,10,MD,871,G,MD
3034,10,MD,871,H,MD
3039,10,MD,806,N,MD
3062,2,MD,295,(no suffix),MD
3064,1,MD,36,(no suffix),MD
3074,6,MD,91,(no suffix),MD
3096,3,MD,139,(no suffix),MD
3097,2,MD,174,(no suffix),MD
3098,1,MD,51,D,MD
3117,15,MD,200,A,MD
3119,2,MD,915,A,MD
3156,3,MD,700,(no suffix),MD
3164,7,MD,7,D,MD
3209,1,MD,948,AQ,MD
3213,14,MD,20,(no suffix),MD
3215,15,US,29,A,US
3239,18,MD,238,(no suffix),MD
3244,2,MD,468,(no suffix),MD
3245,14,MD,298,(no suffix),MD
3249,20,US,50,(no suffix),US
3250,20,MD,322,(no suffix),MD
3251,20,MD,331,(no suffix),MD
3253,3,MD,137,(no suffix),MD
3271,20,MD,33,(no suffix),MD
3276,2,MD,3,BU,MD
3289,15,MD,655,A,MD
3294,2,MD,387,(no suffix),MD
3296,11,MD,826,A,MD
3298,16,MD,3,F,MD
3308,16,MD,193,A,MD
3316,16,MD,373,(no suffix),MD
3318,16,US,301,(no suffix),US
3323,12,MD,22,(no suffix),MD
3328,16,US,1,(no suffix),US
3333,16,MD,978,A,MD
3335,16,MD,450,B,MD
3339,15,MD,191,(no suffix),MD
3348,12,MD,543,(no suffix),MD
3352,15,MD,182,(no suffix),MD
3370,2,MD,995,A,MD
3379,17,MD,313,(no suffix),MD
3380,17,MD,290,(no suffix),MD
3381,1,MD,936,(no suffix),MD
3388,17,MD,405,(no suffix),MD
3393,16,MD,212,(no suffix),MD
3395,16,MD,430,(no suffix),MD
3397,13,MD,104,(no suffix),MD
3398,16,MD,810,K,MD
3399,16,MD,810,J,MD
3400,16,MD,953,(no suffix),MD
3401,2,MD,931,L,MD
3404,2,MD,931,Y,MD
3408,2,MD,798,(no suffix),MD
3409,2,MD,178,(no suffix),MD
3415,19,MD,358,(no suffix),MD
3439,12,MD,165,(no suffix),MD
3440,12,MD,155,(no suffix),MD
3445,12,MD,159,(no suffix),MD
3447,14,MD,445,(no suffix),MD
3448,7,MD,277,(no suffix),MD
3449,4,MD,2,E,MD
3458,16,MD,953,A,MD
3459,16,MD,967,A,MD
3460,16,MD,967,C,MD
3462,16,MD,972,A,MD
3464,18,MD,4,(no suffix),MD
3470,16,MD,458,B,MD
3474,12,MD,440,(no suffix),MD
3475,12,MD,462,(no suffix),MD
3480,5,MD,306,(no suffix),MD
3481,5,MD,307,(no suffix),MD
3482,5,MD,311,(no suffix),MD
3484,5,MD,16,(no suffix),MD
3488,5,MD,312,(no suffix),MD
3505,2,MD,173,A,MD
3517,17,MD,302,(no suffix),MD
3525,17,MD,835,B,MD
3526,4,MD,231,(no suffix),MD
3528,2,MD,422,(no suffix),MD
3536,17,MD,8,(no suffix),MD
3542,16,US,1,AL,US
3553,3,MD,157,(no suffix),MD
3555,12,US,1,BU,US
3565,15,MD,192,(no suffix),MD
3569,15,MD,198,(no suffix),MD
3575,10,MD,15,C,MD
3611,15,MD,929,B,MD
3612,23,MD,250,A,MD
3613,7,MD,267,(no suffix),MD
3616,7,MD,213,(no suffix),MD
3626,13,US,40,(no suffix),US
3636,15,MD,109,(no suffix),MD
3637,15,MD,112,(no suffix),MD
3639,2,MD,931,Q,MD
3647,16,MD,950,C,MD
3649,16,US,50,PA,US
3650,1,MD,807,C,MD
3651,1,MD,807,B,MD
3673,10,MD,31,(no suffix),MD
3682,4,MD,2,Z,MD
3683,4,MD,2,T,MD
3691,22,MD,670,(no suffix),MD
3693,23,MD,575,(no suffix),MD
3694,10,MD,850,D,MD
3695,23,MD,376,(no suffix),MD
3696,23,MD,368,(no suffix),MD
3697,23,MD,364,(no suffix),MD
3698,23,MD,366,(no suffix),MD
3700,16,MD,4,(no suffix),MD
3701,8,MD,234,(no suffix),MD
3703,12,MD,156,(no suffix),MD
3705,12,MD,161,(no suffix),MD
3716,22,MD,991,(no suffix),MD
3717,16,MD,228,A,MD
3718,3,MD,151,(no suffix),MD
3720,3,MD,147,(no suffix),MD
3722,3,MD,562,(no suffix),MD
3727,20,MD,954,A,MD
3730,23,MD,452,(no suffix),MD
3746,16,MD,965,(no suffix),MD
3750,16,MD,810,G,MD
3765,4,MD,506,(no suffix),MD
3770,3,MD,133,(no suffix),MD
3771,3,MD,134,(no suffix),MD
3789,16,MD,950,A,MD
3793,16,MD,810,F,MD
3831,16,MD,810,H,MD
3843,5,MD,324,(no suffix),MD
3844,5,MD,314,(no suffix),MD
3849,16,MD,500,(no suffix),MD
3851,16,MD,501,(no suffix),MD
3853,16,MD,450,(no suffix),MD
3867,5,MD,404,N,MD
3874,16,RP,119,(no suffix),MD
3888,12,US,1,(no suffix),US
3889,12,US,40,(no suffix),US
3898,2,MD,648,H,MD
3900,2,MD,652,(no suffix),MD
3901,2,MD,665,(no suffix),MD
3902,2,MD,648,E,MD
3905,1,MD,948,Z,MD
3907,13,MD,932,B,MD
3910,15,MD,107,(no suffix),MD
3920,16,MD,201,(no suffix),MD
3932,1,MD,47,(no suffix),MD
3933,16,MD,382,(no suffix),MD
3940,17,MD,18,R,MD
3941,2,MD,648,D,MD
3946,13,MD,100,J,MD
3965,1,MD,807,(no suffix),MD
3977,16,MD,210,K,MD
3978,16,MD,210,P,MD
3982,12,MD,146,(no suffix),MD
3983,2,MD,32,AA,MD
4025,16,MD,210,S,MD
4028,15,MD,186,(no suffix),MD
4030,15,MD,187,(no suffix),MD
4031,15,MD,189,(no suffix),MD
4032,15,MD,188,(no suffix),MD
4044,16,MD,564,(no suffix),MD
4046,2,MD,450,(no suffix),MD
4053,2,MD,553,B,MD
4054,2,MD,607,(no suffix),MD
4056,2,MD,642,(no suffix),MD
4082,1,MD,135,A,MD
4083,21,MD,894,(no suffix),MD
4085,2,MD,648,A,MD
4098,13,RP,100,(no suffix),MD
4140,13,RP,95,(no suffix),IS
4142,13,RP,895,(no suffix),IS
4145,3,MD,542,(no suffix),MD
4150,3,MD,372,(no suffix),MD
4180,1,MD,53,(no suffix),MD
4181,12,MD,763,(no suffix),MD
4183,7,MD,537,D,MD
4187,1,MD,948,AO,MD
4197,13,MD,932,G,MD
4198,2,RP,595,(no suffix),IS
4199,2,RP,295,(no suffix),MD
4200,1,MD,736,(no suffix),MD
4202,2,MD,100,N,MD
4207,15,MD,185,E,MD
4216,16,MD,704,(no suffix),MD
4217,16,MD,717,(no suffix),MD
4232,2,MD,553,C,MD
4245,6,MD,852,K,MD
4246,2,RP,665,(no suffix),MD
4248,2,RP,695,(no suffix),IS
4257,3,MD,7,BA,MD
4274,21,IS,81,(no suffix),IS
4281,16,MD,295,(no suffix),MD
4289,22,MD,313,(no suffix),MD
4316,11,MD,733,A,MD
4324,3,MD,30,(no suffix),MD
4340,1,MD,49,(no suffix),MD
4351,2,IS,97,(no suffix),IS
4394,1,MD,135,D,MD
4397,1,MD,144,AE,MD
4399,1,MD,144,AL,MD
4401,1,MD,636,(no suffix),MD
4403,1,MD,638,(no suffix),MD
4405,1,MD,639,A,MD
4407,1,MD,639,B,MD
4422,2,RP,10,(no suffix),MD
4458,2,MD,909,(no suffix),MD
4461,2,MD,713,D,MD
4468,12,MD,159,A,MD
4474,12,MD,439,(no suffix),MD
4479,12,MD,490,(no suffix),MD
4483,12,MD,623,(no suffix),MD
4484,12,MD,624,(no suffix),MD
4486,2,MD,176,B,MD
4490,2,MD,103,(no suffix),MD
4495,2,MD,176,(no suffix),MD
4504,12,MD,646,(no suffix),MD
4506,12,MD,715,(no suffix),MD
4507,12,MD,755,(no suffix),MD
4510,12,MD,922,E,MD
4516,2,RP,97,(no suffix),IS
4524,14,MD,297,(no suffix),MD
4526,3,MD,131,(no suffix),MD
4535,2,MD,648,AA,MD
4545,2,MD,762,(no suffix),MD
4547,17,MD,456,A,MD
4558,2,MD,665,E,MD
4568,2,MD,648,G,MD
4569,2,MD,665,C,MD
4574,2,MD,969,A,MD
4575,2,MD,723,(no suffix),MD
4582,2,MD,995,(no suffix),MD
4589,2,MD,794,(no suffix),MD
4597,2,MD,259,(no suffix),MD
4619,2,MD,173,(no suffix),MD
4657,2,MD,270,(no suffix),MD
4742,2,MD,162,(no suffix),MD
4760,13,MD,932,C,MD
4764,10,RP,270,(no suffix),IS
4789,2,MD,255,(no suffix),MD
4793,2,IS,895,B,IS
4806,5,MD,404,(no suffix),MD
4829,2,MD,917,(no suffix),MD
4830,2,MD,436,(no suffix),MD
4843,2,MD,216,B,MD
4850,2,MD,256,(no suffix),MD
4851,1,MD,743,(no suffix),MD
4857,17,US,50,(no suffix),US
4864,12,RP,40,(no suffix),US
4877,7,MD,222,(no suffix),MD
4878,7,MD,7,B,MD
4934,12,RP,95,(no suffix),IS
4945,16,MD,535,A,MD
4952,2,MD,253,(no suffix),MD
4956,2,MD,214,A,MD
4960,2,MD,261,(no suffix),MD
4962,2,MD,710,(no suffix),MD
4972,2,MD,778,(no suffix),MD
4977,2,MD,778,F,MD
5004,20,MD,328,(no suffix),MD
5032,2,MD,10,(no suffix),MD
5038,2,MD,100,M,MD
5042,2,MD,100,S,MD
5043,2,MD,100,T,MD
5048,2,MD,645,B,MD
5092,12,IS,95,(no suffix),IS
5094,12,IS,95,M,IS
5095,12,IS,95,N,IS
5097,12,MD,7,A,MD
5100,12,MD,23,(no suffix),MD
5103,12,MD,24,D,MD
5105,12,MD,24,E,MD
5267,11,MD,948,D,MD
5272,11,US,40,(no suffix),US
5275,11,US,50,(no suffix),US
5278,11,US,219,A,US
5280,11,US,219,B,US
5282,11,US,219,C,US
5283,11,US,219,D,US
5285,11,US,219,E,US
5287,11,US,219,F,US
5288,11,US,219,G,US
5290,11,US,219,J,US
5292,11,IS,68,(no suffix),IS
5294,11,MD,38,(no suffix),MD
5295,11,MD,38,A,MD
5297,11,MD,38,B,MD
5299,11,MD,39,(no suffix),MD
5301,11,MD,39,A,MD
5305,11,MD,42,A,MD
5308,11,MD,135,C,MD
5310,11,MD,219,(no suffix),MD
5314,11,MD,495,A,MD
5315,11,MD,546,(no suffix),MD
5317,11,MD,546,F,MD
5318,11,MD,560,(no suffix),MD
5322,11,MD,733,(no suffix),MD
5326,11,MD,742,(no suffix),MD
5335,11,MD,825,B,MD
5337,11,MD,825,C,MD
5340,11,MD,826,B,MD
5342,11,MD,826,C,MD
5343,11,MD,826,D,MD
5345,11,MD,826,E,MD
5347,11,MD,826,G,MD
5348,11,MD,826,H,MD
5350,11,MD,826,J,MD
5352,11,MD,826,K,MD
5353,11,MD,826,L,MD
5364,11,MD,826,N,MD
5365,11,MD,826,P,MD
5367,11,MD,827,A,MD
5369,11,MD,827,C,MD
5372,11,MD,828,A,MD
5374,11,MD,946,(no suffix),MD
5376,11,MD,948,H,MD
5378,11,MD,948,K,MD
5429,6,MD,832,(no suffix),MD
5431,6,MD,194,(no suffix),MD
5433,6,MD,144,A,MD
5434,6,MD,850,E,MD
5435,6,MD,407,(no suffix),MD
5441,8,MD,5,K,MD
5461,3,MD,122,(no suffix),MD
5465,9,MD,14,(no suffix),MD
5475,16,RP,202,(no suffix),MD
5480,16,RP,5,(no suffix),MD
5492,14,MD,561,(no suffix),MD
5495,2,MD,100,O,MD
5497,6,MD,496,(no suffix),MD
5499,6,MD,833,(no suffix),MD
5516,3,MD,41,(no suffix),MD
5548,24,MD,542,(no suffix),MD
5556,2,MD,408,A,MD
5557,2,MD,435,(no suffix),MD
5586,21,MD,58,(no suffix),MD
5588,21,MD,60,(no suffix),MD
5605,13,RP,32,(no suffix),MD
5618,2,MD,980,C,MD
5620,21,MD,67,A,MD
5663,1,US,40,AB,US
5672,8,MD,228,(no suffix),MD
5673,17,MD,835,I,MD
5674,17,MD,835,C,MD
5675,17,MD,544,(no suffix),MD
5676,17,MD,481,(no suffix),MD
5690,21,RP,68,(no suffix),IS
5692,16,MD,381,(no suffix),MD
5693,4,MD,765,R,MD
5698,7,US,222,(no suffix),US
5719,17,MD,552,A,MD
5733,1,MD,952,A,MD
5739,14,MD,290,(no suffix),MD
5740,15,MD,594,B,MD
5742,8,MD,5,(no suffix),MD
5745,13,MD,32,B,MD
5751,24,MD,172,(no suffix),MD
5767,9,MD,307,(no suffix),MD
5768,7,MD,275,(no suffix),MD
5769,2,MD,648,I,MD
5778,15,MD,396,(no suffix),MD
5789,17,MD,656,(no suffix),MD
5805,4,MD,765,S,MD
5807,4,MD,524,(no suffix),MD
5816,16,MD,3,E,MD
5827,1,MD,51,A,MD
5852,16,MD,414,A,MD
5853,2,MD,672,(no suffix),MD
5867,9,MD,313,(no suffix),MD
5873,9,MD,336,(no suffix),MD
5881,6,MD,800,A,MD
5886,15,MD,594,A,MD
5887,13,MD,108,H,MD
5893,13,MD,144,HC,MD
5894,13,MD,103,A,MD
5901,9,MD,341,(no suffix),MD
5907,13,MD,103,C,MD
5921,10,MD,79,(no suffix),MD
5967,16,MD,5,P,MD
5968,21,MD,180,A,MD
5973,1,MD,35,(no suffix),MD
6028,3,US,1,AL,US
6035,2,MD,665,F,MD
6044,7,MD,273,(no suffix),MD
6057,7,MD,274,(no suffix),MD
6061,14,US,301,(no suffix),US
6063,5,MD,287,(no suffix),MD
6091,15,MD,547,(no suffix),MD
6092,16,MD,5,R,MD
6096,17,MD,835,H,MD
6121,7,MD,276,(no suffix),MD
6162,21,MD,62,(no suffix),MD
6168,9,MD,750,(no suffix),MD
6170,7,MD,285,(no suffix),MD
6179,7,MD,545,(no suffix),MD
6181,22,US,50,UA,US
6183,1,MD,807,A,MD
6211,7,MD,286,(no suffix),MD
6212,7,MD,316,(no suffix),MD
6219,21,RP,81,(no suffix),IS
6236,2,MD,423,(no suffix),MD
6276,16,MD,975,A,MD
6280,3,MD,439,(no suffix),MD
6285,5,MD,318,(no suffix),MD
6307,5,MD,16,A,MD
6308,5,MD,302,(no suffix),MD
6309,3,MD,158,(no suffix),MD
6310,21,MD,910,C,MD
6339,16,MD,337,(no suffix),MD
6340,16,MD,332,(no suffix),MD
6377,16,MD,810,A,MD
6387,19,MD,362,(no suffix),MD
6404,14,MD,21,(no suffix),MD
6408,16,MD,650,(no suffix),MD
6428,10,MD,27,(no suffix),MD
6449,22,MD,350,(no suffix),MD
6450,22,MD,352,(no suffix),MD
6483,22,MD,374,(no suffix),MD
6486,21,MD,858,A,MD
6487,21,MD,858,E,MD
6489,14,RP,301,(no suffix),US
6501,16,MD,726,(no suffix),MD
6502,16,MD,769,C,MD
6509,16,MD,725,(no suffix),MD
6514,21,MD,858,F,MD
6564,21,MD,910,B,MD
6599,17,MD,18,A,MD
6624,17,MD,305,(no suffix),MD
6628,2,MD,32,(no suffix),MD
6636,14,MD,701,(no suffix),MD
6637,20,MD,954,B,MD
6646,1,MD,948,M,MD
6647,1,MD,948,AL,MD
6649,1,MD,948,AF,MD
6650,1,MD,831,C,MD
6651,21,MD,903,(no suffix),MD
6655,16,MD,202,D,MD
6656,1,MD,51,E,MD
6657,2,MD,3,D,MD
6659,3,MD,695,B,MD
6663,16,MD,810,C,MD
6671,1,MD,948,AD,MD
6672,1,MD,942,(no suffix),MD
6673,16,MD,202,F,MD
6675,13,MD,175,HC,MD
6677,15,MD,929,A,MD
6679,13,MD,104,A,MD
6681,15,RP,28,(no suffix),MD
6682,21,US,340,(no suffix),US
6684,2,MD,100,Q,MD
6687,10,MD,904,H,MD
6693,16,MD,210,M,MD
6696,16,MD,964,(no suffix),MD
6699,16,MD,694,(no suffix),MD
6701,6,MD,849,(no suffix),MD
6708,5,MD,308,(no suffix),MD
6710,5,MD,304,A,MD
6714,16,MD,458,A,MD
6716,16,MD,564,B,MD
6721,7,MD,727,A,MD
6722,7,MD,727,(no suffix),MD
6725,5,MD,619,(no suffix),MD
6726,5,MD,776,(no suffix),MD
6727,5,MD,404,D,MD
6729,6,MD,77,(no suffix),MD
6731,3,MD,7,J,MD
6735,16,MD,810,B,MD
6736,16,MD,810,D,MD
6740,22,MD,813,F,MD
6741,22,MD,731,C,MD
6742,13,RP,175,(no suffix),MD
6743,16,MD,4,PA,MD
6794,17,MD,18,X,MD
6796,17,MD,18,Z,MD
6797,17,MD,18,H,MD
6798,17,MD,18,F,MD
6815,4,MD,2,AE,MD
6821,4,MD,497,(no suffix),MD
6823,4,MD,508,(no suffix),MD
6843,17,MD,404,(no suffix),MD
6846,7,RP,95,(no suffix),IS
6858,10,RP,340,(no suffix),US
6877,17,MD,835,L,MD
6878,2,RP,895,B,IS
6884,14,MD,292,(no suffix),MD
6895,23,MD,610,(no suffix),MD
6901,4,MD,2,B,MD
6902,4,MD,2,C,MD
6903,4,MD,2,D,MD
6904,4,MD,2,G,MD
6905,4,MD,2,K,MD
6906,4,MD,2,P,MD
6929,14,MD,298,B,MD
6934,23,MD,575,H,MD
6936,23,MD,575,G,MD
6954,2,IS,895,A,IS
6957,12,MD,147,(no suffix),MD
6976,8,MD,229,(no suffix),MD
6981,2,RP,4,(no suffix),MD
6982,2,RP,3,(no suffix),MD
6992,14,MD,864,(no suffix),MD
6993,14,MD,855,A,MD
6994,14,MD,444,A,MD
6995,14,MD,313,(no suffix),MD
7002,13,MD,732,R,MD
7003,13,MD,851,(no suffix),MD
7011,17,MD,19,A,MD
7027,21,MD,60,A,MD
7028,21,MD,57,(no suffix),MD
7042,6,RP,140,(no suffix),MD
7088,15,MD,27,(no suffix),MD
7089,1,MD,61,(no suffix),MD
7093,2,MD,648,F,MD
7137,13,MD,432,(no suffix),MD
7138,13,MD,984,(no suffix),MD
7140,21,MD,77,(no suffix),MD
7142,20,MD,662,(no suffix),MD
7143,20,MD,565,(no suffix),MD
7146,10,MD,806,R,MD
7148,10,MD,904,I,MD
7182,20,MD,404,(no suffix),MD
7183,20,MD,404,AL,MD
7184,20,MD,370,(no suffix),MD
7193,17,MD,18,S,MD
7209,12,MD,152,A,MD
7217,2,RP,32,(no suffix),MD
7253,20,MD,579,(no suffix),MD
7256,20,MD,518,(no suffix),MD
7259,3,MD,125,(no suffix),MD
7273,6,RP,70,(no suffix),IS
7344,2,RP,195,(no suffix),IS
7406,3,MD,151,A,MD
7457,23,MD,707,D,MD
7463,20,MD,334,(no suffix),MD
7465,20,MD,309,(no suffix),MD
7547,2,MD,393,(no suffix),MD
7549,4,MD,2,S,MD
7563,8,MD,210,(no suffix),MD
7593,16,MD,978,B,MD
7594,16,MD,977,F,MD
7610,17,MD,303,(no suffix),MD
7645,21,RP,340,(no suffix),US
7659,12,RP,1,(no suffix),US
7665,4,MD,262,A,MD
7711,8,MD,257,(no suffix),MD
7738,16,RP,301,(no suffix),US
7800,13,MD,94,(no suffix),MD
7811,6,MD,852,G,MD
7832,3,MD,130,(no suffix),MD
7840,19,MD,920,(no suffix),MD
7848,8,MD,254,(no suffix),MD
7852,8,MD,488,(no suffix),MD
7855,8,MD,925,A,MD
7856,8,MD,925,(no suffix),MD
7859,22,MD,815,(no suffix),MD
7899,16,RP,4,(no suffix),MD
7913,23,MD,374,(no suffix),MD
7918,6,MD,854,B,MD
7919,6,MD,851,(no suffix),MD
7964,6,MD,852,H,MD
7965,3,MD,43,(no suffix),MD
8002,21,US,522,(no suffix),US
8004,2,MD,980,E,MD
8042,3,MD,88,(no suffix),MD
8050,6,MD,852,(no suffix),MD
8161,6,MD,904,A,MD
8211,16,RP,201,(no suffix),MD
8233,23,MD,992,F,MD
8273,23,MD,575,F,MD
8302,22,MD,348,(no suffix),MD
8315,22,MD,513,(no suffix),MD
8319,22,US,13,A,US
8353,22,MD,992,A,MD
8356,22,MD,992,C,MD
8358,22,MD,992,D,MD
8359,22,MD,992,E,MD
8361,23,MD,575,D,MD
8469,23,US,50,WB,US
8471,23,US,50,WC,US
8477,23,MD,575,E,MD
8497,23,MD,12,A,MD
8499,23,MD,90,(no suffix),MD
8504,23,MD,354,(no suffix),MD
8505,23,MD,359,(no suffix),MD
8507,23,MD,359,A,MD
8509,23,MD,359,B,MD
8519,23,MD,365,(no suffix),MD
8522,23,MD,367,(no suffix),MD
8526,23,MD,371,(no suffix),MD
8529,23,MD,375,(no suffix),MD
8534,23,MD,378,(no suffix),MD
8536,23,MD,378,A,MD
8538,23,MD,378,B,MD
8562,23,MD,568,(no suffix),MD
8570,23,MD,703,(no suffix),MD
8572,23,MD,707,A,MD
8606,12,MD,132,(no suffix),MD
8685,17,MD,18,Y,MD
8694,17,MD,309,(no suffix),MD
8708,15,MD,899,A,MD
8710,15,MD,655,G,MD
8719,2,MD,162,A,MD
8729,17,MD,662,(no suffix),MD
8737,12,MD,132,B,MD
8747,13,IS,95,(no suffix),IS
8786,1,MD,935,(no suffix),MD
8787,10,MD,904,F,MD
8934,17,MD,759,B,MD
8938,17,MD,802,(no suffix),MD
8940,17,MD,834,(no suffix),MD
8944,17,MD,835,(no suffix),MD
8946,17,MD,835,A,MD
8947,2,MD,70,C,MD
8970,2,MD,70,(no suffix),MD
8975,13,IS,70,(no suffix),IS
9026,13,MD,216,J,MD
9091,17,MD,18,G,MD
9100,1,MD,831,B,MD
9101,1,MD,831,D,MD
9115,2,MD,70,A,MD
9142,12,MD,138,(no suffix),MD
9188,15,MD,594,C,MD
9196,17,MD,18,V,MD
9346,17,MD,835,F,MD
9347,17,MD,835,G,MD
9350,17,MD,835,J,MD
9354,17,MD,837,(no suffix),MD
9419,4,MD,2,AF,MD
9458,17,MD,456,(no suffix),MD
9524,1,MD,658,(no suffix),MD
9794,17,RP,301,(no suffix),US
9954,16,MD,459,(no suffix),MD
10122,2,MD,778,Q,MD
10123,2,MD,778,E,MD
10124,2,MD,778,J,MD
10127,2,MD,778,M,MD
10151,4,MD,265,(no suffix),MD
10157,17,MD,8,A,MD
10163,17,RP,50,(no suffix),US
10289,17,MD,544,A,MD
10435,19,MD,529,(no suffix),MD
10440,18,MD,247,(no suffix),MD
10535,18,MD,944,A,MD
10536,18,MD,944,B,MD
10578,18,MD,489,(no suffix),MD
10579,16,MD,202,C,MD
10595,2,IS,195,(no suffix),IS
10602,10,MD,872,G,MD
10635,18,MD,944,E,MD
11118,13,MD,99,(no suffix),MD
11506,6,MD,853,E,MD
11551,13,MD,27,(no suffix),MD
11553,15,MD,80,(no suffix),MD
11554,18,MD,5,B,MD
11651,18,MD,242,(no suffix),MD
11652,18,MD,6,(no suffix),MD
11653,18,MD,236,A,MD
11705,18,MD,5,F,MD
11957,2,MD,997,E,MD
12183,4,MD,765,B,MD
12184,4,MD,765,D,MD
12186,4,MD,765,E,MD
12187,4,MD,765,F,MD
12188,4,MD,765,G,MD
12189,4,MD,765,H,MD
12317,4,MD,765,I,MD
12319,4,MD,765,J,MD
12320,4,MD,765,M,MD
12321,4,MD,765,N,MD
12323,4,MD,765,O,MD
12324,4,MD,765,P,MD
12329,4,MD,765,Y,MD
12330,4,MD,765,Z,MD
12366,13,MD,100,W,MD
12382,15,MD,927,(no suffix),MD
12427,15,MD,396,A,MD
12765,15,MD,998,A,MD
12768,15,MD,928,(no suffix),MD
12794,16,MD,5,L,MD
12858,2,MD,779,(no suffix),MD
12985,16,MD,967,D,MD
13022,12,RP,24,(no suffix),MD
13042,8,MD,625,(no suffix),MD
13194,12,MD,24,F,MD
13283,18,MD,5,A,MD
13643,16,MD,973,B,MD
13716,18,MD,944,C,MD
13717,18,MD,944,D,MD
14239,18,MD,863,A,MD
14241,18,MD,5,H,MD
14435,18,MD,5,J,MD
15067,16,MD,223,A,MD
15379,10,MD,870,G,MD
15727,21,MD,67,C,MD
15729,21,MD,67,E,MD
15747,10,MD,383,(no suffix),MD
15753,16,IS,495,(no suffix),IS
15760,13,MD,100,V,MD
15763,2,MD,908,A,MD
15773,10,US,15,A,US
15786,1,MD,36,B,MD
15787,1,MD,36,C,MD
15800,14,MD,289,(no suffix),MD
15806,17,MD,662,A,MD
15810,6,MD,27,A,MD
15832,8,MD,425,(no suffix),MD
15857,1,MD,807,D,MD
15858,1,MD,807,E,MD
15915,2,MD,931,R,MD
15953,2,MD,713,E,MD
15958,1,MD,658,A,MD
16049,2,MD,408,B,MD
16105,2,MD,2,AB,MD
16173,1,MD,831,A,MD
16191,2,MD,168,(no suffix),MD
16221,6,MD,854,A,MD
16241,16,MD,212,A,MD
16272,15,MD,594,D,MD
16302,18,MD,471,(no suffix),MD
16314,2,MD,4,(no suffix),MD
16321,5,MD,776,A,MD
16336,16,IS,95,X,IS
16344,5,MD,821,(no suffix),MD
16345,6,MD,86,(no suffix),MD
16356,14,MD,288,(no suffix),MD
16386,7,US,301,(no suffix),US
16399,7,MD,824,A,MD
16417,1,MD,937,(no suffix),MD
16516,21,MD,144,WB,MD
16547,2,MD,997,D,MD
16603,19,US,13,BU,US
16604,19,MD,364,(no suffix),MD
16610,5,MD,315,(no suffix),MD
16690,23,RP,50,(no suffix),US
16743,16,MD,564,A,MD
16773,2,MD,784,(no suffix),MD
16774,2,MD,785,(no suffix),MD
16775,2,MD,788,A,MD
16777,2,MD,796,A,MD
16780,2,MD,969,(no suffix),MD
16782,2,MD,980,B,MD
16785,2,MD,778,D,MD
16825,21,MD,845,A,MD
16831,21,MD,418,(no suffix),MD
16834,21,MD,144,WA,MD
16852,21,MD,491,(no suffix),MD
16853,21,MD,494,(no suffix),MD
16856,21,MD,550,(no suffix),MD
16859,21,MD,846,B,MD
16962,15,MD,614,C,MD
16963,15,MD,614,D,MD
16964,15,MD,614,B,MD
16966,15,MD,614,A,MD
16976,15,MD,655,B,MD
16977,15,MD,655,C,MD
16978,15,MD,655,E,MD
16979,15,MD,655,F,MD
16981,15,MD,655,H,MD
16982,15,MD,660,(no suffix),MD
17074,16,MD,637,A,MD
17077,16,RP,1,(no suffix),US
17130,21,MD,804,B,MD
17132,21,MD,805,B,MD
17133,21,MD,843,F,MD
17134,21,MD,843,I,MD
17136,21,MD,844,(no suffix),MD
17150,19,MD,920,Q,MD
17153,19,MD,920,F,MD
17154,19,MD,920,G,MD
17155,19,MD,920,H,MD
17157,19,MD,920,B,MD
17159,3,MD,45,C,MD
17160,3,MD,45,D,MD
17162,4,MD,2,AC,MD
17178,1,MD,935,A,MD
17180,18,MD,470,(no suffix),MD
17183,18,MD,520,(no suffix),MD
17188,8,MD,5,BU,MD
17208,14,MD,444,(no suffix),MD
17241,2,MD,258,(no suffix),MD
17244,4,MD,2,I,MD
17245,10,MD,194,A,MD
17247,5,MD,817,B,MD
17255,16,MD,210,R,MD
17256,6,MD,879,B,MD
17258,2,MD,695,(no suffix),MD
17279,16,MD,193,B,MD
17286,16,RP,3,(no suffix),MD
17296,16,MD,5,N,MD
17306,16,MD,218,(no suffix),MD
17316,5,MD,578,(no suffix),MD
17322,5,MD,328,(no suffix),MD
17379,13,MD,100,(no suffix),MD
17394,2,MD,100,R,MD
17404,2,MD,980,A,MD
17482,6,MD,668,(no suffix),MD
17483,6,MD,482,A,MD
17494,6,MD,850,D,MD
17496,6,MD,194,D,MD
17538,4,MD,764,A,MD
17577,16,MD,210,E,MD
17596,3,MD,151,B,MD
17635,5,MD,331,(no suffix),MD
17638,6,MD,75,(no suffix),MD
17660,8,MD,344,(no suffix),MD
17666,5,MD,404,AL,MD
17674,5,MD,404,BU,MD
17699,21,MD,67,B,MD
17710,5,MD,577,(no suffix),MD
17712,5,MD,617,(no suffix),MD
17725,20,MD,303,(no suffix),MD
17726,4,MD,2,F,MD
17803,2,MD,178,A,MD
17808,20,MD,329,(no suffix),MD
17884,2,MD,908,D,MD
17963,16,MD,197,(no suffix),MD
17970,16,MD,320,(no suffix),MD
17974,2,MD,3,C,MD
18295,5,MD,404,C,MD
18342,5,MD,404,T,MD
18398,21,MD,843,D,MD
18567,5,MD,404,R,MD
18568,5,MD,404,M,MD
18570,5,RP,404,(no suffix),MD
18663,4,MD,2,V,MD
18766,7,MD,7,E,MD
18781,13,IS,95,I,IS
18935,13,IS,895,(no suffix),IS
19072,15,MD,200,(no suffix),MD
19116,15,MD,929,F,MD
19862,15,MD,187,B,MD
20094,3,MD,295,(no suffix),MD
20124,6,IS,70,(no suffix),IS
20520,4,MD,2,AG,MD
20650,2,MD,665,B,MD
20821,15,MD,911,(no suffix),MD
21021,19,MD,640,(no suffix),MD
21023,19,MD,673,A,MD
21384,6,RP,26,(no suffix),MD
21572,15,IS,270,LN,IS
22615,16,RP,210,(no suffix),MD
22684,16,MD,201,A,MD
22690,16,MD,450,D,MD
22907,15,MD,390,(no suffix),MD
22954,3,MD,648,E,MD
22962,10,MD,15,D,MD
22986,3,MD,587,(no suffix),MD
23113,1,MD,949,A,MD
23267,17,MD,18,I,MD
23757,3,MD,695,C,MD
23900,14,MD,701,A,MD
23903,14,MD,514,(no suffix),MD
24743,13,MD,216,D,MD
24745,13,MD,985,A,MD
24785,24,RP,41,(no suffix),MD
25251,3,IS,895,ES,IS
25299,8,RP,5,(no suffix),MD
26074,1,MD,948,C,MD
26076,1,MD,948,AE,MD
26377,3,IS,895,EN,IS
26391,15,MD,185,C,MD
26480,16,MD,221,A,MD
27018,16,MD,810,E,MD
27246,20,MD,322,B,MD
27336,16,MD,637,(no suffix),MD
27339,3,IS,70,(no suffix),IS
27371,19,MD,460,(no suffix),MD
27372,19,MD,918,(no suffix),MD
27497,16,MD,950,D,MD
27800,1,MD,956,(no suffix),MD
27803,1,MD,952,(no suffix),MD
27852,3,MD,695,A,MD
27879,1,MD,948,Y,MD
27930,24,MD,144,(no suffix),MD
27957,13,MD,100,L,MD
28012,7,IS,95,(no suffix),IS
28067,20,MD,954,C,MD
28070,6,MD,27,B,MD
28071,6,MD,27,C,MD
28072,6,MD,27,D,MD
28074,6,MD,27,E,MD
28082,6,MD,75,A,MD
28091,6,US,40,(no suffix),US
28114,6,MD,194,E,MD
28133,6,MD,800,B,MD
28134,6,MD,800,C,MD
28138,6,MD,800,E,MD
28141,6,MD,808,B,MD
28148,6,MD,850,C,MD
28155,6,MD,850,I,MD
28157,6,MD,850,J,MD
28159,6,MD,851,A,MD
28161,6,MD,851,B,MD
28164,6,MD,852,A,MD
28165,6,MD,852,B,MD
28170,6,MD,852,F,MD
28174,6,MD,852,I,MD
28176,6,MD,852,J,MD
28179,6,MD,852,M,MD
28181,6,MD,853,A,MD
28183,6,MD,853,C,MD
28185,6,MD,853,F,MD
28189,6,MD,879,(no suffix),MD
28192,6,MD,879,C,MD
28194,6,MD,879,D,MD
28196,6,MD,879,E,MD
28197,6,MD,904,(no suffix),MD
28201,6,MD,904,D,MD
28234,7,MD,7,H,MD
28238,7,MD,213,A,MD
28242,7,MD,222,B,MD
28243,7,MD,222,C,MD
28252,7,MD,273,A,MD
28255,7,MD,274,A,MD
28257,7,MD,274,B,MD
28269,7,MD,284,(no suffix),MD
28355,4,MD,2,A,MD
28388,4,MD,2,H,MD
28391,4,MD,2,J,MD
28394,4,MD,2,L,MD
28396,4,MD,2,M,MD
28399,4,MD,2,O,MD
28422,4,MD,2,Q,MD
28430,4,MD,2,W,MD
28432,4,MD,2,X,MD
28434,4,MD,2,Y,MD
28470,4,MD,264,A,MD
28499,4,MD,509,(no suffix),MD
28504,4,MD,752,(no suffix),MD
28507,4,MD,761,(no suffix),MD
28509,4,MD,764,(no suffix),MD
28517,4,MD,765,C,MD
28544,4,MD,765,K,MD
28558,4,MD,765,T,MD
28560,4,MD,765,U,MD
28562,4,MD,765,V,MD
28563,4,MD,765,W,MD
28565,4,MD,765,X,MD
28568,4,MD,768,(no suffix),MD
28604,5,MD,312,A,MD
28609,5,MD,314,A,MD
28613,5,MD,315,A,MD
28614,5,MD,317,(no suffix),MD
28624,5,MD,331,A,MD
28634,5,MD,454,(no suffix),MD
28637,5,MD,485,(no suffix),MD
28639,5,MD,485,A,MD
28656,16,MD,977,H,MD
28657,16,MD,976,C,MD
28659,10,MD,17,A,MD
28661,5,MD,820,(no suffix),MD
28663,16,MD,976,A,MD
28666,16,MD,963,(no suffix),MD
28668,16,MD,769,D,MD
28669,16,MD,631,(no suffix),MD
28672,20,MD,565,B,MD
28721,3,MD,165,(no suffix),MD
28769,10,MD,874,D,MD
28797,3,MD,91,(no suffix),MD
28812,13,MD,985,(no suffix),MD
28863,3,MD,25,A,MD
28947,21,MD,615,(no suffix),MD
28948,21,US,522,C,US
29025,16,MD,216,(no suffix),MD
29058,14,MD,566,(no suffix),MD
29061,14,MD,446,(no suffix),MD
29064,14,MD,330,(no suffix),MD
29065,14,MD,313,A,MD
29076,19,MD,627,(no suffix),MD
29077,10,MD,491,(no suffix),MD
29137,14,MD,299,(no suffix),MD
29201,19,MD,388,(no suffix),MD
29350,12,MD,152,B,MD
29477,16,MD,950,(no suffix),MD
29529,16,MD,769,B,MD
29637,5,MD,817,A,MD
29901,20,MD,565,A,MD
29942,14,MD,674,(no suffix),MD
29950,7,MD,591,B,MD
30073,7,MD,310,(no suffix),MD
30149,18,MD,239,(no suffix),MD
30235,7,MD,781,(no suffix),MD
30396,16,MD,193,AA,MD
30429,16,RP,495,(no suffix),IS
30432,15,RP,6,(no suffix),MD
30479,16,MD,193,AD,MD
30480,16,MD,193,D,MD
30614,2,MD,796,(no suffix),MD
30616,7,MD,342,(no suffix),MD
30659,17,MD,18,W,MD
30679,16,MD,5,Q,MD
30734,16,MD,967,B,MD
30738,16,MD,974,(no suffix),MD
30763,16,MD,810,I,MD
30764,16,MD,980,D,MD
30765,16,MD,979,(no suffix),MD
31206,16,IS,95,CN,IS
31218,16,IS,95,CS,IS
31280,15,MD,928,C,MD
31407,3,MD,889,(no suffix),MD
31489,23,MD,921,D,MD
31533,23,MD,921,E,MD
31537,23,MD,921,F,MD
31542,23,MD,921,M,MD
31547,23,MD,921,R,MD
31583,2,MD,553,D,MD
31590,12,MD,22,B,MD
31619,23,MD,921,A,MD
31623,23,MD,921,B,MD
31627,23,MD,921,C,MD
31653,23,US,50,WA,US
31659,15,MD,97,A,MD
31725,14,MD,299,A,MD
31763,5,MD,404,U,MD
31897,16,MD,965,A,MD
31898,2,MD,3,AA,MD
31903,2,MD,3,AB,MD
31952,15,MD,117,A,MD
32008,24,IS,95,EN,IS
32009,3,IS,95,EN,IS
32096,2,MD,32,AH,MD
32098,2,MD,758,(no suffix),MD
32372,12,MD,132,C,MD
32411,20,MD,322,A,MD
32462,1,US,40,(no suffix),US
32630,17,MD,18,U,MD
32743,7,MD,7,K,MD
32786,16,MD,197,D,MD
32838,17,US,50,QB,US
32839,17,US,50,QC,US
33161,2,MD,713,F,MD
33333,10,MD,180,B,MD
33475,1,MD,952,B,MD
33643,16,MD,223,I,MD
33815,3,MD,139,A,MD
33984,3,MD,644,C,MD
34367,1,MD,47,A,MD
34445,16,MD,976,B,MD
34544,10,MD,874,B,MD
34546,10,MD,874,E,MD
34551,9,RP,50,(no suffix),US
34617,10,US,15,G,US
34684,10,MD,144,A,MD
34702,10,MD,194,B,MD
34705,10,MD,355,A,MD
34722,10,MD,871,F,MD
34725,10,MD,872,(no suffix),MD
34769,14,MD,449,(no suffix),MD
34781,14,MD,855,(no suffix),MD
34804,14,MD,856,(no suffix),MD
34913,13,IS,95,J,IS
34936,13,IS,95,K,IS
34937,13,IS,95,L,IS
34973,13,MD,100,M,MD
34989,13,MD,108,A,MD
34992,13,MD,125,(no suffix),MD
35013,13,MD,144,HB,MD
35020,13,MD,176,C,MD
35046,13,MD,732,V,MD
35049,13,MD,851,D,MD
35051,13,MD,851,F,MD
35052,13,MD,851,H,MD
35054,13,MD,851,J,MD
35056,13,MD,958,P,MD
35058,13,MD,981,(no suffix),MD
35331,2,MD,783,(no suffix),MD
35333,2,MD,797,(no suffix),MD
35368,8,US,301,C,US
35556,2,MD,990,(no suffix),MD
35631,23,MD,575,I,MD
35667,3,MD,45,A,MD
35761,18,MD,5,C,MD
36009,2,MD,170,A,MD
36011,16,MD,210,C,MD
36012,16,MD,210,I,MD
36031,3,MD,526,A,MD
36255,2,MD,100,P,MD
36283,3,MD,45,E,MD
36422,2,MD,553,A,MD
36505,1,MD,948,AM,MD
36630,21,MD,735,(no suffix),MD
36638,21,MD,858,G,MD
36654,15,MD,655,D,MD
36763,16,MD,4,PB,MD
36767,9,MD,795,(no suffix),MD
36799,16,MD,978,C,MD
36867,3,MD,45,B,MD
36935,15,MD,182,A,MD
37034,16,MD,197,C,MD
37088,1,MD,51,F,MD
37199,16,MD,5,M,MD
37708,24,MD,171,(no suffix),MD
38150,24,MD,372,(no suffix),MD
38289,2,MD,169,(no suffix),MD
38657,23,MD,575,A,MD
38682,21,US,40,H,US
38888,23,MD,575,L,MD
38947,24,MD,129,B,MD
39020,22,RP,50,(no suffix),US
39436,3,MD,644,D,MD
39909,3,MD,993,B,MD
40322,12,MD,740,B,MD
40893,16,MD,564,C,MD
40902,3,MD,795,(no suffix),MD
41002,15,IS,270,LS,IS
41256,16,MD,193,C,MD
41258,16,MD,193,E,MD
41485,2,MD,778,G,MD
41560,2,MD,778,N,MD
41648,16,MD,968,(no suffix),MD
41980,21,MD,846,D,MD
42150,21,US,522,B,US
42177,7,MD,591,A,MD
42189,2,MD,711,(no suffix),MD
42713,21,MD,843,B,MD
42782,16,MD,450,E,MD
42787,2,MD,260,(no suffix),MD
43182,5,MD,404,P,MD
43473,3,MD,129,A,MD
44048,16,MD,202,B,MD
47492,21,MD,67,F,MD
47620,21,MD,741,(no suffix),MD
47970,18,MD,4,B,MD
48070,2,MD,648,AB,MD
48499,1,MD,939,(no suffix),MD
48501,1,MD,951,(no suffix),MD
48649,9,MD,392,A,MD
48831,15,MD,185,A,MD
48839,15,MD,185,B,MD
48882,13,MD,932,F,MD
48972,18,MD,868,G,MD
48996,19,MD,358,A,MD
49098,15,MD,185,D,MD
49138,16,MD,3,G,MD
49165,2,MD,778,L,MD
49243,1,MD,949,(no suffix),MD
49617,7,MD,327,(no suffix),MD
49740,23,MD,575,B,MD
49765,8,MD,5,S,MD
49991,1,US,40,AF,US
50160,2,MD,216,A,MD
50161,13,MD,932,E,MD
50216,23,MD,575,J,MD
50222,23,MD,575,M,MD
50547,2,MD,779,A,MD
50615,2,MD,2,AD,MD
50873,2,MD,171,(no suffix),MD
50975,5,MD,404,K,MD
50976,5,MD,404,L,MD
51002,16,MD,450,F,MD
51079,16,MD,450,C,MD
51161,8,MD,210,J,MD
51277,2,MD,100,U,MD
51391,19,MD,920,P,MD
51766,9,MD,343,A,MD
51767,9,MD,819,(no suffix),MD
51806,2,MD,175,AA,MD
52602,9,MD,331,B,MD
52677,16,MD,210,J,MD
52992,2,MD,172,(no suffix),MD
53172,19,MD,920,O,MD
53173,19,MD,920,M,MD
53175,19,MD,920,K,MD
53176,19,MD,920,J,MD
53178,19,MD,920,D,MD
53180,19,MD,920,S,MD
53186,21,MD,847,D,MD
53229,6,MD,26,A,MD
53238,7,MD,896,(no suffix),MD
53551,15,MD,190,A,MD
53662,15,MD,899,(no suffix),MD
54056,12,MD,156,A,MD
54383,23,RP,113,(no suffix),US
55444,19,MD,675,D,MD
56016,9,MD,343,B,MD
56220,5,MD,619,B,MD
56307,19,MD,920,L,MD
57433,11,US,219,UL,US
58828,18,MD,945,(no suffix),MD
58890,19,MD,363,A,MD
58925,19,MD,920,C,MD
58940,19,MD,920,N,MD
58949,19,MD,920,R,MD
58952,19,MD,920,T,MD
59067,16,MD,210,U,MD
60516,1,MD,831,I,MD
60589,16,MD,450,A,MD
60642,18,MD,5,G,MD
60818,3,MD,746,A,MD
61256,1,MD,831,H,MD
62291,16,MD,210,L,MD
62292,16,MD,210,N,MD
62316,16,MD,210,T,MD
64761,1,MD,830,B,MD
64770,1,MD,831,F,MD
64772,1,MD,831,G,MD
64993,1,MD,830,A,MD
65139,21,MD,65,A,MD
66390,12,MD,155,A,MD
69150,1,MD,948,AP,MD
69722,23,MD,575,K,MD
69724,23,MD,575,N,MD
70664,16,MD,210,B,MD
70665,16,MD,210,D,MD
71160,15,MD,195,A,MD
71386,15,MD,929,E,MD
75871,16,MD,210,F,MD
76388,12,MD,22,A,MD
82065,2,US,301,(no suffix),US
83027,8,MD,382,F,MD
85842,2,MD,778,I,MD
86664,2,MD,915,H,MD
86995,2,MD,645,D,MD
89569,2,MD,468,B,MD
90107,2,MD,665,A,MD
97850,2,MD,214,B,MD
99658,16,IS,95,LN,IS
99670,11,MD,733,B,MD
99675,11,MD,826,R,MD
99862,3,IS,95,ES,IS
99864,24,IS,95,ES,IS
99865,24,IS,895,EN,IS
99867,24,IS,895,ES,IS
99942,16,RP,200,(no suffix),MD
100139,5,MD,404,S,MD
100200,16,IS,95,LS,IS
101806,8,MD,625,A,MD
102509,2,MD,216,I,MD
103964,15,MD,198,A,MD
104236,16,MD,967,(no suffix),MD
104239,16,MD,332,A,MD
105903,6,MD,831,J,MD
108071,16,MD,210,A,MD
114906,24,RP,395,A,IS
125360,6,MD,26,C,MD
125363,6,MD,26,D,MD
125415,6,MD,26,E,MD
125419,6,MD,26,F,MD
125740,1,MD,135,E,MD
127330,17,MD,835,M,MD
127377,11,MD,948,BA,MD
127519,7,MD,7,L,MD
127560,17,MD,309,A,MD
127565,17,MD,309,B,MD
